Especialista;Nacionalidade;Área principal de atuação;Maior titulação acadêmica;Tempo de experiência profissional/acadêmica na área;Como você classificaria o risco epidemiológico para este cenário?;Quão apropriada é esta recomendação?;Como você classificaria o risco epidemiológico para este cenário? .1;Quão apropriada é esta recomendação?.1;Como você classificaria o risco epidemiológico para este cenário? .2;Quão apropriada é esta recomendação?.2;Como você classificaria o risco epidemiológico para este cenário? .3;Quão apropriada é esta recomendação?.3;Como você classificaria o risco epidemiológico para este cenário? .4;Quão apropriada é esta recomendação?.4;Como você classificaria o risco epidemiológico para este cenário? .5;Quão apropriada é esta recomendação?.5;Como você classificaria o risco epidemiológico para este cenário? .6;Quão apropriada é esta recomendação?.6;Como você classificaria o risco epidemiológico para este cenário? .7;Quão apropriada é esta recomendação?.7;Como você classificaria o risco epidemiológico para este cenário? .8;Quão apropriada é esta recomendação?.8;Como você classificaria o risco epidemiológico para este cenário? .9;Quão apropriada é esta recomendação?.9
E1;Argentino;Ecologia;Pós-doutorado;11–15 anos;Alto;4;Alto;5;Médio;5;Baixo;4;Médio;4;Baixo;5;Médio;5;Alto;4;Médio;4;Alto;3
E2;Brasileiro;Entomologia;Pós-doutorado;6–10 anos;Médio;3;Alto;5;Médio;4;Médio;4;Baixo;3;Médio;4;Médio;4;Médio;3;Baixo;4;Baixo;4
E3;Brasileiro;Ecologia;Pós-doutorado;11–15 anos;Médio;5;Alto;5;Baixo;5;Baixo;5;Médio;4;Baixo;5;Baixo;5;Médio;5;Baixo;5;Médio;5
E4;Brasileiro;Epidemiologia;Doutorado;6–10 anos;Alto;4;Alto;4;Médio;4;Médio;3;Médio;4;Médio;4;Baixo;3;Médio;4;Médio;3;Médio;3
E5;Brasileiro;Saúde Pública;Pós-doutorado;6–10 anos;Médio;5;Alto;5;Alto;5;Alto;4;Alto;5;Médio;5;Médio;5;Alto;5;Médio;4;Alto;5
E6;Brasileiro;Saúde Pública;Pós-doutorado;Mais de 15 anos;Alto;5;Alto;4;Alto;3;Alto;4;Alto;4;Alto;3;Alto;3;Alto;5;Alto;3;Alto;4
E7;Brasileiro;Saúde Pública;Doutorado;11–15 anos;Médio;5;Alto;5;Baixo;4;Baixo;5;Alto;5;Baixo;4;Médio;5;Médio;4;Baixo;4;Baixo;4
E8;Brasileiro;Epidemiologia;Doutorado;Mais de 15 anos;Médio;1;Alto;5;Alto;5;Médio;5;Alto;5;Médio;5;Médio;5;Médio;5;Médio;5;Médio;5
E9;Moçambicano;Vigilância Epidemiológica;Mestrado;11–15 anos;Baixo;4;Médio;4;Alto;3;Alto;5;Alto;5;Alto;5;Alto;3;Alto;4;Alto;3;Alto;4
E10;Brasileiro;Entomologia;Doutorado;Mais de 15 anos;Médio;5;Alto;4;Baixo;3;Baixo;4;Alto;3;Médio;2;Médio;4;Baixo;2;Baixo;4;Médio;3
E11;Brasileiro;Saúde Pública;Doutorado;11–15 anos;Alto;3;Alto;3;Médio;5;Médio;5;Alto;3;Alto;5;Alto;2;Alto;4;Médio;3;Alto;3
