Carimbo de data/hora,Nome completo:,E-mail:,Nacionalidade,Área principal de atuação,Maior titulação acadêmica,Tempo de experiência profissional/acadêmica na área,O modelo contempla fatores relevantes para estimar o risco de arboviroses.,"A integração entre dados ambientais, climáticos e espaço-temporais é adequada.",A arquitetura geral do modelo é coerente para apoiar ações preventivas em saúde pública.,O modelo apresenta consistência conceitual.,O modelo possui potencial para aplicação prática.,O uso do algoritmo ST-DBSCAN é adequado para identificação de áreas de risco.,O raio espacial de 150 metros é apropriado para representar a dinâmica do vetor.,A janela temporal de 21 dias é adequada para representar o ciclo biológico do mosquito.,O parâmetro MinPts = 5 é adequado para reduzir ruído em dados colaborativos.,A combinação entre fatores ambientais e climáticos é apropriada.,O peso atribuído ao componente ambiental (0.7) é adequado.,O peso atribuído ao componente climático (0.3) é adequado.,O escore de risco é compreensível e interpretável.,"A classificação do risco em baixo, médio e alto é adequada.",O modelo possui potencial para apoiar vigilância e prevenção de arboviroses.,A estratégia de associação entre usuário e cluster é coerente para representar exposição ao risco.,A priorização do cluster com maior escore de risco é apropriada para apoiar prevenção de arboviroses.,O critério de desempate por proximidade espacial é adequado.,As recomendações contextuais são adequadas ao nível de risco.,A personalização baseada no contexto do usuário é apropriada.,As mensagens possuem potencial para estimular ações preventivas.,As recomendações são compreensíveis para usuários finais.,O sistema apresenta potencial de impacto em saúde pública.,Você considera que há variáveis importantes ausentes no modelo?,"Você sugere alterações nos parâmetros utilizados (150m, 21 dias, MinPts = 5)?","Caso considere necessário, quais pesos você sugere para o Componente Ambiental  (peso atual = 0.7)?","Caso considere necessário, quais pesos você sugere para o Componente Climático  (peso atual = 0.3)?",Quais aspectos do modelo necessitam melhorias?,Comentários gerais e recomendações adicionais.,"De forma geral, como você avalia o modelo proposto?",Você recomendaria a continuidade do desenvolvimento e validação do modelo?
2026/06/19 1:01:59 PM GMT-3,Adedayo Michael Awoniyi,maawoniyi13@gmail.com,Nigeriano,Ecologia,Pós-doutorado,6–10 anos,4,4,3,4,4,4,5,3,4,4,4,4,5,5,5,5,4,4,4,4,5,4,5,"• É importante mencionar a presença de resíduos sólidos, como pneus furados, recipientes danificados, etc., pois esses são tipos específicos de resíduos que frequentemente servem como criadouros de mosquitos, devido à sua capacidade de reter água.
• Seria interessante obter informações sobre a presença de vasos de flores e residências com jardim nos fundos, pois esses fatores contribuem para a proliferação frequente de mosquitos.
•Considere também incluir a presença de esgotos a céu aberto.","Os 150 m estão bons, mas tenho algumas dúvidas quanto aos 21 dias. Especificamente, como vocês determinam o início de cada ciclo de vida do mosquito? Eu preferiria uma duração bem maior para levar em conta diferentes situações e cenários. Ou será que estou perdendo alguma informação?","Se você concorda com a sugestão acima , então deve alterar um pouco os parâmetros utilizados aqui.",Acho ta bom,Dados e avaliação do componente ambiental e do modelo espaço-temporal,"Excelente questão de pesquisa. Não tenho dúvidas de que ela ajudará no manejo de arbovírus, especialmente em comunidades vulneráveis. No entanto, será interessante avaliar os comentários feitos anteriormente. 
Boa sorte",3,"Sim, mas com ajustes importantes"
2026/06/19 6:22:25 PM GMT-3,Fabiana Almerinda Gonçalves Palma,fabiana.palma@yahoo.com.br,Brasileiro,Epidemiologia,Pós-doutorado,6–10 anos,4,5,4,5,5,3,3,3,3,5,4,4,5,5,5,5,5,3,4,5,5,4,5,Variáveis epidemiológicas e dos vírus circulantes no contexto.,,,0.4,,Adequar para uma linguagem mais acessível as mensagens personalizadas de prevenção.,4,"Sim, com pequenos ajustes"
2026/06/26 7:23:50 AM GMT-3,Ricardo Lustosa Brito,ricardo.brito@ufob.edu.br,Brasileiro,Epidemiologia,Pós-doutorado,Mais de 15 anos,5,4,4,4,4,3,5,4,3,4,4,4,4,4,5,5,4,4,4,4,4,4,5,"Para o que se propõe são suficientes para este momento da pesquisa, é necessário se verificar os resultados com as variáveis selecionadas e para estudos futuros talvez ampliar. A ampliação de variáveis envolve custos e pode tornar a execução prática em vigilância inviável.","Não neste momento, é relevante conhecer os resultados a partir destas variáveis",,"Considero adequado para este momento, talvez em pesquisas futuras considerando áreas rurais por exemplo o peso ambiental possa ser alterado.",Não tenho sugestões neste momento,O conhecimento de resultados preliminares podem contribuir para possíveis ajustes no modelo.,5,Sim
2026/06/28 5:50:54 PM GMT-3,Romero de Jesus Nazaré,romeronazare@gmail.com,Brasileiro,Entomologia,Pós-doutorado,6–10 anos,3,3,4,3,5,1,1,1,1,4,5,5,5,4,5,4,4,4,4,4,4,4,4,"Na seção Área de Atuação, verifique a possibilidade de permitir que o pesquisador selecione mais de uma opção, pois é comum que um profissional atue e tenha expertise em diferentes áreas.
Por exemplo, eu desenvolvo diversos trabalhos em ecoepidemiologia e, em razão disso, minha atuação envolve entomologia, ecoepidemiologia das arboviroses, ecologia, Saúde Única e, em menor medida, geoprocessamento. Assim, seria interessante permitir a classificação do nível de experiência em cada área, por exemplo, em uma escala de 1 a 4, indicando o grau de domínio do pesquisador em cada tema.

No trecho:
""O modelo avaliado nesta pesquisa tem como objetivo identificar áreas com maior potencial de risco para arboviroses (dengue, zika e chikungunya) e fornecer recomendações contextualizadas de prevenção aos usuários.""
Sugiro esclarecer alguns pontos:
•	Quem são os usuários aos quais o texto se refere? Gestores públicos, profissionais de saúde, pesquisadores ou a população em geral? 
•	Em qual escala espacial o modelo será aplicado (bairro, município, setor censitário, quarteirão etc.)? 
•	Recomenda-se explicitar que a transmissão das arboviroses depende da interação entre um vetor competente, um vírus circulante e uma população suscetível. No contexto da saúde pública brasileira, os principais arbovírus, como os vírus da dengue (DENV), zika (ZIKV), chikungunya (CHIKV) e febre amarela (YFV), são transmitidos predominantemente por mosquitos (Diptera: Culicidae) especialmente espécies dos gêneros Aedes em ciclos urbanos. Entretanto, nem todas as arboviroses são transmitidas por culicídeos. O vírus Oropouche (OROV), por exemplo, é transmitido principalmente por maruins (Diptera: Ceratopogonidae), embora outros vetores possam participar de seu ciclo em determinadas condições. Além disso, existem arbovírus transmitidos por carrapatos (Acari: Ixodidae), evidenciando a diversidade de ciclos de transmissão. A ausência de qualquer um dos componentes essenciais, vetor competente, vírus circulante e hospedeiro suscetível, impede a ocorrência da transmissão. Adicionalmente, algumas arboviroses apresentam ciclos silvestres envolvendo hospedeiros vertebrados, aspecto que deve ser considerado quando pertinente. Recomenda-se que a redação seja mais específica e objetiva, evitando generalizações e ambiguidades.
 
Seria importante especificar melhor alguns aspectos metodológicos.
•	Qual é a plataforma geocolaborativa utilizada? Ela já está em funcionamento ou será desenvolvida no âmbito do projeto? Seria o mais lugar? Já foi validada em algum aspecto?
•	Como ocorre a “alimentação” dos dados? Os registros são realizados exclusivamente por cidadãos (crowdsourcing), por agentes públicos ou por ambos? Existe algum mecanismo de validação das informações? 
Quanto às variáveis ambientais:
•	Descarte irregular de lixo: seria interessante diferenciar lixo domiciliar, entulho da construção civil e outros tipos de resíduos, pois esses materiais apresentam diferentes potenciais para a formação de criadouros e podem demandar estratégias distintas de manejo e mitigação. Essa distinção pode contribuir para uma análise mais precisa do risco e para a proposição de intervenções mais adequadas.
•	Saneamento inadequado: recomenda-se definir quais indicadores serão considerados. 
•	Acúmulo de resíduos: especificar quais tipos de resíduos serão incluídos na análise (vide o comentário no descarte inadequado de resíduos).
•	Possíveis criadouros do mosquito: o termo é bastante amplo. Seria interessante classificá-los em depósitos fixos, móveis, naturais ou artificiais, considerando a biologia do vetor. 
•	Água parada: especificar se serão consideradas coleções hídricas naturais, reservatórios artificiais, recipientes móveis ou depósitos fixos. 
Essas variáveis possuem diferentes pesos epidemiológicos. Não há uma abordagem necessariamente correta ou incorreta, mas é importante explicitar as limitações e justificar as escolhas metodológicas adotadas no modelo.
Dados climáticos
Recomenda-se detalhar melhor as variáveis climáticas:
•	Temperatura: será utilizada a temperatura média, máxima ou mínima? 
•	Umidade relativa do ar: qual será a resolução temporal e espacial dos dados? Como será considerada a variabilidade intraurbana? Mesmo dentro de um mesmo município, podem existir microclimas e hotspots com condições ambientais distintas, que podem influenciar a dinâmica dos vetores e a transmissão das arboviroses.
•	Precipitação: será utilizado o volume acumulado, a intensidade, o número de dias chuvosos ou outro indicador? Qual será a janela temporal considerada? 
Essas definições podem influenciar significativamente o desempenho do modelo.
Considerações sobre o vetor
No trecho:
""...proliferação do vetor das arboviroses de ciclo predominantemente urbano.""
Sugiro maior precisão. Se o foco do estudo for Aedes aegypti, essa afirmação é adequada. Entretanto, caso o modelo também considere Aedes albopictus, é importante destacar que essa espécie apresenta características ecológicas distintas, podendo atuar em ambientes periurbanos e rurais e participar de dinâmicas epidemiológicas diferentes. Portanto, recomendo explicitar claramente qual(is) vetor(es) são contemplados pelo modelo.","Aqui precisamos de ajustes 
•	Raio espacial: 150 metros (representando a área de dispersão do vetor, qual vetor Aedes aegypti, sugiro resuzir para 100m e ter em mente a ovposiçaõ em saltos)
•	Janela temporal: Recomendo revisar a justificativa para a adoção dessa janela temporal. A afirmação de que 21 dias representam o ciclo biológico do mosquito pode não ser adequada, uma vez que o tempo de desenvolvimento de Aedes aegypti varia conforme as condições ambientais, especialmente temperatura e disponibilidade de água e alimento. Em condições favoráveis, o desenvolvimento de ovo a adulto pode ocorrer em aproximadamente 5 a 7 dias, sendo frequente a utilização de janelas de 7 a 10 dias em estudos entomo-epidemiológicos e eco-epidemiologicos. Além disso, as fêmeas realizam múltiplos repastos sanguíneos e diversos ciclos de oviposição ao longo da vida, de modo que uma janela fixa de 21 dias pode não representar adequadamente a dinâmica populacional do vetor. Sugiro que essa escolha seja melhor fundamentada ou, caso pertinente, que seja avaliada a utilização de janelas temporais mais curtas (por exemplo, entre 7 e 10 dias), especialmente em períodos de temperaturas elevadas e alta umidade, quando o ciclo de desenvolvimento pode ser ainda mais rápido.
•	Densidade mínima (MinPts): 5 registros (utilizada para reduzir ruído e relatos isolados): considero que esse valor possa ser relativamente baixo, embora compreenda que a definição desse parâmetro envolve um equilíbrio entre sensibilidade e especificidade do modelo. Valores reduzidos podem favorecer a detecção de agrupamentos menores, mas também aumentar a probabilidade de identificar agrupamentos ocasionais ou pouco representativos. Sugiro que a escolha do valor de MinPts = 5 seja melhor justificada ou que sejam realizados testes de sensibilidade comparando diferentes valores (por exemplo, 5, 10 e 15 registros), a fim de avaliar o impacto desse parâmetro na identificação dos hotspots.   

2.1 Associação Usuário-Cluster
“Raio espacial definido pelo modelo (150 metros)” sugiro rever.
Avalie a possibilidade de reduzir esse raio para 100 metros, especialmente considerando a ecologia de Aedes aegypti. Essa espécie apresenta, em geral, baixa capacidade de dispersão, permanecendo próxima aos locais de emergência e de oviposição.
Além disso, as fêmeas de Aedes aegypti podem realizar múltiplos repastos sanguíneos durante um mesmo ciclo gonotrófico, que corresponde ao intervalo entre a ingestão de sangue, o desenvolvimento dos ovos e a oviposição. Esse comportamento aumenta as oportunidades de transmissão viral, pois uma única fêmea pode picar diversos indivíduos suscetíveis antes de completar um ciclo gonotrófico. Alguns estudos sugerem que uma fêmea pode realizar repastos em até 10 indivíduos durante esse período, havendo relatos, em condições específicas, de valores superiores.
Em áreas com elevada vulnerabilidade socioeconômica e alta densidade populacional, como observado em diversos bairros de Salvador, um raio de 150 metros pode englobar um número muito elevado de domicílios e indivíduos, além de áreas com características ambientais e sociais bastante heterogêneas. Mesmo dentro de uma mesma área considerada vulnerável, podem existir diferenças expressivas relacionadas ao saneamento básico, abastecimento de água, manejo de resíduos, adensamento populacional, renda e condições de moradia. Dessa forma, um raio de 150 metros pode reduzir a resolução espacial do modelo ao agrupar microambientes com diferentes níveis de risco epidemiológico.
Nesse contexto, um raio de 100 metros pode representar com maior fidelidade a dinâmica espacial da transmissão e permitir uma identificação mais precisa dos hotspots, subsidiando intervenções mais direcionadas. Caso seja mantido o raio de 150 metros, recomenda-se apresentar a fundamentação técnica dessa escolha ou realizar análises de sensibilidade comparando diferentes raios espaciais.",Considero uma boa estratégia,Acho que isso é uma decisão de deve ser pensada de acordo com a realidade de cada terrtorio.,"“ A priorização do cluster com maior escore de risco é apropriada para apoiar prevenção de arboviroses.” Tenha em mente  os fatores associados a disseminação, vetor, pessoas susceptíveis e arbovírus circulante.",Ideia muito promissora com grande aplicabidade.,4,"Sim, com pequenos ajustes"
2026/06/29 11:09:32 AM GMT-3,Diogo César de Carvalho Santiago,diogosantiga@gmail.com,Brasileiro,Saúde Ambiental,Mestrado,6–10 anos,4,5,5,4,5,5,4,4,4,5,4,4,5,4,5,4,5,5,5,5,4,5,5,"Sim, o modelo contempla fatores ambientais, climáticos e espaço temporais  relevantes para a proliferação do Aedes, algumas variáveis poderiam ser incorporadas em versões futuras para aprimorar a estimativa do risco e aproximá-la da dinâmica epidemiológica das arboviroses, como 1 - histórico de casos notificados, pra saber se os cluster antecedem ou acompanham as ocorrências; 2 - densidade populacional, considrando que a transmissão depende da interação entre o vetor e população suscetível; 3 - acredito que a mobilidade deve ser considerada, pois a exposição pode acontecer na residência, trabalho ou deslocamento cotidiano","Acredito que é importante ficar evidente a justificativa metodológica dessas escolhas. O raio espacial é plausível considerando a dispersão do Aedes, a janela temporal também, mas o parâmetro de redução de ruídos não tenho certeza. Acho interessante, caso ainda não tenha sido feito, análises de sensibilidade. Mas de forma geral, não considero necessário alterar de imediato, mas deixar evidente as evidências que te ajudaram nessa definição.",Não considero necessário a mudança.,Não considero necessário a mudança.,"O modelo apresenta uma arquitetura consistente e inovadora. Acredito que é importante considerar estratégias para minimizar vieses, como diferenças na participação dos usuários entre regiões, que podem influenciar a distribuição espacial dos registros e do risco ambiental real. Outra sugestão é a incorporação gradual de variáveis complementares, como indicadores entomológicos, histórico de casos notificados, densidade populacional e indicadores de vulnerabilidade socioambiental, ampliando a capacidade do modelo de representar a complexidade da transmissão das arboviroses. Por fim, validação externa e comparação entre cluster e os escores produzidos é interessante para demonstrar a capacidade preditiva e aumentar a confiabilidade para aplicações e tomada de decisões.",Estou contemplado com as seções anteriores. Parabéns pela proposta!!! Muito interessante!!,5,"Sim, com pequenos ajustes"
2026/07/10 8:08:36 PM GMT-3,Patricia Lustosa Brito,britopatricia@hotmail.com,Brasileiro,Geoprocessamento em Saúde / SIG,Pós-doutorado,Mais de 15 anos,4,5,5,5,5,5,5,5,4,5,4,4,5,5,5,5,5,5,5,5,5,5,5,a presença de possíveis criadouros nem sempre é algo que a pessoa vê. Seria apropriado considerar com variável a presença de mosquitos? (sabemos que quando o número de mosquitos em casa aumenta é pq há algum criadouro por perto),"me parecem adequados de acordo com a explicação. Apenas o parâmetro de MinPts = 5 é que não parece muito claro o pq de 5, e não 4 ou 6, por exemplo?há uma justificativa ou uma avaliação empírica de algum projeto que explique isso. (esses 5 pontos podem ser pontos que a mesma pessoa marcou sobre o a mesma coisa mas em dias diferentes?) Quem seria o público focal usuário desse app? Lideranças? ACS? Agentes de Endemias? profs e estudantes de escolas públicas? ou população em geral (pop classe média e alta, inclusive). Qual seria o método de divulgação do app e motivação para registro? tenho a impressão que a definição deste número de minPts tem relação com essas respostas",,,Achei muito interessante. Inclusive a ideia de análise por clusters espaciais e posteriormente a avaliação com base no registro mais próximo é muito boa.,descrito anteriormente.,5,Sim
2026/07/13 12:58:44 PM GMT-3,Hernán Darío Argibay,mvhernanargibay@gmail.com,Argentino,Ecologia,Pós-doutorado,11–15 anos,4,4,5,4,5,4,4,5,4,5,3,3,5,4,5,3,4,4,5,5,5,5,5,"Acho que o principal fator limitante, e aquele que pode introduzir maior viés nos resultados do modelo, é o esforço amostral. Como ocorre em modelos baseados em dados de notificação, o principal viés está relacionado à intensidade do esforço de vigilância desenvolvido em cada área. Regiões com maior esforço de busca e notificação tendem a apresentar maior probabilidade estimada e podem ser interpretadas como áreas de maior risco, quando parte desse padrão pode refletir apenas diferenças na intensidade da vigilância.

Se houver alguma forma de incorporar ou ponderar o esforço amostral no modelo, acredito que as estimativas se tornariam mais robustas e representariam de forma mais fidedigna o risco real. 
Tambem seria interessante tambem se os pontos fossem, pelo menos, semiquantificados. Por exemplo, uma situação é a presença de algumas sacolas de lixo, enquanto outra, bastante diferente, é a existência de uma caçamba de lixo ou de um domicílio com grande acúmulo de resíduos no quintal. Incorporar essa gradação permitiria representar melhor a intensidade da exposição e poderia aumentar a capacidade discriminatória das análises.",Ok.,"0.5 pode ser. É difícil ter certeza, mas, em uma escala mais ampla, o clima tende a exercer um impacto maior sobre as populações de vetores do que as condições ambientais locais. Portanto, eu aumentaria a ponderação do componente climático. Contudo, do ponto de vista da intervenção, as pessoas têm muito mais capacidade de modificar o ambiente do que o clima, o que também deve ser considerado na definição dos pesos.","0.5 pode ser. É difícil ter certeza, mas, em uma escala mais ampla, o clima tende a exercer um impacto maior sobre as populações de vetores do que as condições ambientais locais. Portanto, eu aumentaria a ponderação do componente climático. Contudo, do ponto de vista da intervenção, as pessoas têm muito mais capacidade de modificar o ambiente do que o clima, o que também deve ser considerado na definição dos pesos.","Como mencionei, considero importante ponderar o efeito do esforço amostral. Além disso, seria interessante incorporar o efeito de coletas repetidas no mesmo local, aumentando o peso desses pontos quando a condição é observada de forma recorrente ao longo do período de observação. Afinal, a persistência desse fator de risco ambiental ao longo do tempo é o que mais favorece a reprodução do mosquito naquela área.","Parabéns pelo desenvolvimento do modelo; ele parece muito promissor. Acredito que o maior desafio será sua aplicação em uma extensão espacial que seja representativa da área de interesse, bem como a definição de uma estratégia de coleta de dados que garanta uma boa distribuição das áreas monitoradas. Isso ajudará a evitar que os buffers fiquem muito isolados, deixando grandes áreas intermediárias sem informação.",4,"Sim, com pequenos ajustes"
2026/07/14 3:55:16 PM GMT-3,Caio Graco Zeppelini,czeppelini@gmail.com,Brasileiro,Ecologia,Pós-doutorado,11–15 anos,5,4,5,5,5,5,5,5,5,5,4,4,5,5,5,5,5,5,5,5,5,5,5,,,,,,,5,Sim
2026/07/14 7:51:25 PM GMT-3,Marbrisa Nascimento Reis das Virgens,marbrisareis@hotmail.com,Brasileiro,Geoprocessamento em Saúde / SIG,Mestrado,2–5 anos,5,5,5,4,5,5,5,5,5,5,4,4,4,5,5,5,5,5,4,5,5,5,5,"Não sei se caberia nesse modelo de investigação, mas acho que variávveis urbaisticas também são bastante relevantes, principalmente na parte de infraatesturtura urbana (exemplo de Salvador, casarões abandonados)",,0.6,0.4,,"Parabéns pela pesquisa,  acredito  que a proposta possui um  grande potencial de aplicação.
No entanto, fiquei refletindo sobre a definição dos pesos atribuídos aos componentes ambiental e climático. Acredito que essa relação pode variar de acordo com a área/região de estudo. Em determinados cenários, o fator climático pode exercer uma influência tão significativa quanto, ou até maior que, os fatores ambientais. Por isso, minha sugestão  desses outros valores, ou se isso pudesse variar conforme localidade seria ótimo também. Ressaltando que essa  observação é empírica, sem uma consulta específica à literatura, mas acredito que vale a reflexão.
Outro ponto é referente o texto para o usuário ter a noção da   área  de risco que se encontra,  como  a de alto risco. O texto direciona a interpretação para a presença de lixo acumulado. Entretanto, nem sempre será o lixo o principal fator responsável pelo aumento do risco. Dependendo da realidade local, outros elementos ambientais identificados colaborativamente,  como água parada, questões de saneamento, terrenos baldios, drenagem inadequada, etc, podem ser os fatores predominantes, inclusive como é citado no próprio formulário de coleta.
Nesse sentido, eu sugeriria tornar a mensagem mais abrangente. Em vez de mencionar diretamente o lixo acumulado, poderia ser utilizada, algo do tipo,.......foram identificados elementos ambientais associados ao aumento do risco para arboviroses (ex.: lixo acumulado, água parada, deficiência de saneamento e outros fatores mapeados colaborativamente)....o restante do texto...
Acho que a mensagem permanece válida para diferentes cenários.",5,Sim
2026/07/21 11:51:00 AM GMT-3,federico costa,fcosta2001@gmail.com,Argentino,Epidemiologia,Pós-doutorado,Mais de 15 anos,4,4,4,4,4,3,4,4,3,4,3,3,4,4,4,4,4,3,4,4,4,4,4,,,,,,,4,"Sim, com pequenos ajustes"
2026/08/03 2:10:22 AM GMT-3,Fabio Neves Souza,fabionevesouza@gmail.com,Brasileiro,Ecologia,Pós-doutorado,6–10 anos,4,5,4,5,5,5,5,1,3,5,5,5,5,5,5,5,5,5,5,5,4,3,5,"Dentre as variáveis ambientais, recomendo incluir a variável vegetação em diferentes escalas espaciais: em maior escala, a presença de fragmentos de mata e/ou parques urbanos; e, em menor escala, áreas verdes domésticas, como jardins. Fragmentos florestais urbanos impactados podem atuar como áreas favoráveis à manutenção e dispersão de mosquitos para regiões adjacentes, enquanto jardins domésticos podem apresentar características microambientais e espécies vegetais que favorecem a presença de determinados vetores. Em relação ao saneamento inadequado, é importante evitar a sobreposição das dimensões do saneamento. O descarte irregular de resíduos sólidos, o acúmulo de lixo e outros fatores relacionados já representam elementos do saneamento inadequado. Além disso, sugere-se incluir outros indicadores ambientais relevantes, como a presença de corpos d’água, canais de drenagem abertos, esgoto a céu aberto e a presença ou quantidade de bueiros e estruturas de drenagem urbana, uma vez que esses fatores podem influenciar a disponibilidade de criadouros e a dinâmica de vetores.","Sugiro revisar o parâmetro de 21 dias, considerando que o ciclo de desenvolvimento, reprodução e oviposição dos mosquitos pode ocorrer em intervalos menores, geralmente entre 7 e 10 dias, dependendo da espécie e das condições ambientais. Recomendo consultar a literatura baseada em ensaios laboratoriais e estudos de tabela de vida para definir um intervalo temporal mais adequado.",,,Sem comentarios.,Sem comentarios.,4,"Sim, com pequenos ajustes"
2026/08/04 10:29:32 PM GMT-3,Nivison Ruy Rocha Nery Junior,nivison.nery@fiocruz.br,Brasileiro,Epidemiologia,Pós-doutorado,Mais de 15 anos,5,5,5,5,5,5,5,5,3,5,4,3,5,5,5,4,5,5,4,4,5,4,5,Uma sugestão seria avaliar a densidade populacional da área com base nos dados dos setores censitários.,Tenho dúvidas se o MinPts = 5 é ideal sem ter noção da densidade populacional da área.,,,,,5,"Sim, com pequenos ajustes"
